http://weather.gc.ca/rss/city/ab-12_e.xml, Airdrie, Alberta
http://weather.gc.ca/rss/city/ab-10_e.xml, Athabasca, Alberta
http://weather.gc.ca/rss/city/ab-49_e.xml, Banff, Alberta
http://weather.gc.ca/rss/city/ab-2_e.xml, Barrhead, Alberta
http://weather.gc.ca/rss/city/ab-57_e.xml, Beaverlodge, Alberta
http://weather.gc.ca/rss/city/ab-43_e.xml, Bow Island, Alberta
http://weather.gc.ca/rss/city/ab-42_e.xml, Bow Valley (Provincial Park), Alberta
http://weather.gc.ca/rss/city/ab-36_e.xml, Breton, Alberta
http://weather.gc.ca/rss/city/ab-58_e.xml, Brooks, Alberta
http://weather.gc.ca/rss/city/ab-52_e.xml, Calgary, Alberta
http://weather.gc.ca/rss/city/ab-61_e.xml, Calgary (Olympic Park), Alberta
http://weather.gc.ca/rss/city/ab-18_e.xml, Camrose, Alberta
http://weather.gc.ca/rss/city/ab-3_e.xml, Canmore, Alberta
http://weather.gc.ca/rss/city/ab-64_e.xml, Cardston, Alberta
http://weather.gc.ca/rss/city/ab-60_e.xml, Claresholm, Alberta
http://weather.gc.ca/rss/city/ab-1_e.xml, Cochrane, Alberta
http://weather.gc.ca/rss/city/ab-23_e.xml, Cold Lake, Alberta
http://weather.gc.ca/rss/city/ab-59_e.xml, Coronation, Alberta
http://weather.gc.ca/rss/city/ab-17_e.xml, Crowsnest, Alberta
http://weather.gc.ca/rss/city/ab-48_e.xml, Drayton Valley, Alberta
http://weather.gc.ca/rss/city/ab-62_e.xml, Drumheller, Alberta
http://weather.gc.ca/rss/city/ab-50_e.xml, Edmonton, Alberta
http://weather.gc.ca/rss/city/ab-71_e.xml, Edmonton (Int'l Aprt), Alberta
http://weather.gc.ca/rss/city/ab-72_e.xml, Edson, Alberta
http://weather.gc.ca/rss/city/ab-63_e.xml, Elk Island (National Park), Alberta
http://weather.gc.ca/rss/city/ab-67_e.xml, Esther, Alberta
http://weather.gc.ca/rss/city/ab-28_e.xml, Fort Chipewyan, Alberta
http://weather.gc.ca/rss/city/ab-20_e.xml, Fort McMurray, Alberta
http://weather.gc.ca/rss/city/ab-65_e.xml, Garden Creek, Alberta
http://weather.gc.ca/rss/city/ab-45_e.xml, Grande Cache, Alberta
http://weather.gc.ca/rss/city/ab-31_e.xml, Grande Prairie, Alberta
http://weather.gc.ca/rss/city/ab-37_e.xml, Hendrickson Creek, Alberta
http://weather.gc.ca/rss/city/ab-24_e.xml, High Level, Alberta
http://weather.gc.ca/rss/city/ab-4_e.xml, High River, Alberta
http://weather.gc.ca/rss/city/ab-68_e.xml, Highvale, Alberta
http://weather.gc.ca/rss/city/ab-14_e.xml, Hinton, Alberta
http://weather.gc.ca/rss/city/ab-70_e.xml, Jasper, Alberta
http://weather.gc.ca/rss/city/ab-34_e.xml, Kananaskis (Nakiska Ridgetop), Alberta
http://weather.gc.ca/rss/city/ab-32_e.xml, Lac La Biche, Alberta
http://weather.gc.ca/rss/city/ab-39_e.xml, Lacombe, Alberta
http://weather.gc.ca/rss/city/ab-30_e.xml, Lethbridge, Alberta
http://weather.gc.ca/rss/city/ab-15_e.xml, Lloydminster, Alberta
http://weather.gc.ca/rss/city/ab-51_e.xml, Medicine Hat, Alberta
http://weather.gc.ca/rss/city/ab-33_e.xml, Mildred Lake, Alberta
http://weather.gc.ca/rss/city/ab-19_e.xml, Milk River, Alberta
http://weather.gc.ca/rss/city/ab-38_e.xml, Nordegg, Alberta
http://weather.gc.ca/rss/city/ab-11_e.xml, Okotoks, Alberta
http://weather.gc.ca/rss/city/ab-35_e.xml, Onefour, Alberta
http://weather.gc.ca/rss/city/ab-25_e.xml, Peace River, Alberta
http://weather.gc.ca/rss/city/ab-46_e.xml, Pincher Creek, Alberta
http://weather.gc.ca/rss/city/ab-21_e.xml, Rainbow Lake, Alberta
http://weather.gc.ca/rss/city/ab-29_e.xml, Red Deer, Alberta
http://weather.gc.ca/rss/city/ab-40_e.xml, Red Earth Creek, Alberta
http://weather.gc.ca/rss/city/ab-16_e.xml, Rocky Mountain House, Alberta
http://weather.gc.ca/rss/city/ab-54_e.xml, Slave Lake, Alberta
http://weather.gc.ca/rss/city/ab-44_e.xml, Stavely, Alberta
http://weather.gc.ca/rss/city/ab-5_e.xml, Stettler, Alberta
http://weather.gc.ca/rss/city/ab-22_e.xml, Stony Plain, Alberta
http://weather.gc.ca/rss/city/ab-6_e.xml, Strathmore, Alberta
http://weather.gc.ca/rss/city/ab-47_e.xml, Suffield, Alberta
http://weather.gc.ca/rss/city/ab-53_e.xml, Sundre, Alberta
http://weather.gc.ca/rss/city/ab-7_e.xml, Taber, Alberta
http://weather.gc.ca/rss/city/ab-69_e.xml, Three Hills, Alberta
http://weather.gc.ca/rss/city/ab-27_e.xml, Vauxhall, Alberta
http://weather.gc.ca/rss/city/ab-26_e.xml, Vegreville, Alberta
http://weather.gc.ca/rss/city/ab-55_e.xml, Wainwright, Alberta
http://weather.gc.ca/rss/city/ab-66_e.xml, Waterton Park, Alberta
http://weather.gc.ca/rss/city/ab-8_e.xml, Westlock, Alberta
http://weather.gc.ca/rss/city/ab-9_e.xml, Wetaskiwin, Alberta
http://weather.gc.ca/rss/city/ab-56_e.xml, Whitecourt, Alberta
http://weather.gc.ca/rss/city/ab-41_e.xml, Willow Creek (Provincial Park), Alberta
http://weather.gc.ca/rss/city/bc-7_e.xml, 100 Mile House, British Columbia
http://weather.gc.ca/rss/city/bc-81_e.xml, Abbotsford, British Columbia
http://weather.gc.ca/rss/city/bc-70_e.xml, Agassiz, British Columbia
http://weather.gc.ca/rss/city/bc-67_e.xml, Atlin, British Columbia
http://weather.gc.ca/rss/city/bc-94_e.xml, Bella Bella, British Columbia
http://weather.gc.ca/rss/city/bc-18_e.xml, Bella Coola, British Columbia
http://weather.gc.ca/rss/city/bc-22_e.xml, Blue River, British Columbia
http://weather.gc.ca/rss/city/bc-43_e.xml, Burns Lake, British Columbia
http://weather.gc.ca/rss/city/bc-55_e.xml, Cache Creek, British Columbia
http://weather.gc.ca/rss/city/bc-19_e.xml, Campbell River, British Columbia
http://weather.gc.ca/rss/city/bc-6_e.xml, Cassiar, British Columbia
http://weather.gc.ca/rss/city/bc-21_e.xml, Castlegar, British Columbia
http://weather.gc.ca/rss/city/bc-23_e.xml, Chetwynd, British Columbia
http://weather.gc.ca/rss/city/bc-24_e.xml, Chilliwack, British Columbia
http://weather.gc.ca/rss/city/bc-12_e.xml, Clearwater, British Columbia
http://weather.gc.ca/rss/city/bc-91_e.xml, Clinton, British Columbia
http://weather.gc.ca/rss/city/bc-61_e.xml, Comox, British Columbia
http://weather.gc.ca/rss/city/bc-92_e.xml, Courtenay, British Columbia
http://weather.gc.ca/rss/city/bc-77_e.xml, Cranbrook, British Columbia
http://weather.gc.ca/rss/city/bc-26_e.xml, Creston, British Columbia
http://weather.gc.ca/rss/city/bc-95_e.xml, Cummins Lakes (Provincial Park), British Columbia
http://weather.gc.ca/rss/city/bc-25_e.xml, Dawson Creek, British Columbia
http://weather.gc.ca/rss/city/bc-14_e.xml, Dease Lake, British Columbia
http://weather.gc.ca/rss/city/bc-8_e.xml, Dome Creek, British Columbia
http://weather.gc.ca/rss/city/bc-40_e.xml, Esquimalt, British Columbia
http://weather.gc.ca/rss/city/bc-15_e.xml, Estevan Point, British Columbia
http://weather.gc.ca/rss/city/bc-83_e.xml, Fort Nelson, British Columbia
http://weather.gc.ca/rss/city/bc-78_e.xml, Fort St. John, British Columbia
http://weather.gc.ca/rss/city/bc-1_e.xml, Gibsons, British Columbia
http://weather.gc.ca/rss/city/bc-34_e.xml, Golden, British Columbia
http://weather.gc.ca/rss/city/bc-32_e.xml, Gonzales Point, British Columbia
http://weather.gc.ca/rss/city/bc-9_e.xml, Good Hope Lake, British Columbia
http://weather.gc.ca/rss/city/bc-39_e.xml, Grand Forks, British Columbia
http://weather.gc.ca/rss/city/bc-93_e.xml, Gulf Islands (Southern), British Columbia
http://weather.gc.ca/rss/city/bc-36_e.xml, Hope, British Columbia
http://weather.gc.ca/rss/city/bc-31_e.xml, Hope Slide, British Columbia
http://weather.gc.ca/rss/city/bc-72_e.xml, Invermere, British Columbia
http://weather.gc.ca/rss/city/bc-45_e.xml, Kamloops, British Columbia
http://weather.gc.ca/rss/city/bc-48_e.xml, Kelowna, British Columbia
http://weather.gc.ca/rss/city/bc-30_e.xml, Kitimat, British Columbia
http://weather.gc.ca/rss/city/bc-11_e.xml, Kootenay (National Park), British Columbia
http://weather.gc.ca/rss/city/bc-87_e.xml, Liard River, British Columbia
http://weather.gc.ca/rss/city/bc-28_e.xml, Lillooet, British Columbia
http://weather.gc.ca/rss/city/bc-33_e.xml, Lytton, British Columbia
http://weather.gc.ca/rss/city/bc-90_e.xml, Mackenzie, British Columbia
http://weather.gc.ca/rss/city/bc-29_e.xml, Malahat, British Columbia
http://weather.gc.ca/rss/city/bc-56_e.xml, Masset, British Columbia
http://weather.gc.ca/rss/city/bc-47_e.xml, McBride, British Columbia
http://weather.gc.ca/rss/city/bc-49_e.xml, Merritt, British Columbia
http://weather.gc.ca/rss/city/bc-63_e.xml, Muncho Lake, British Columbia
http://weather.gc.ca/rss/city/bc-38_e.xml, Nakusp, British Columbia
http://weather.gc.ca/rss/city/bc-20_e.xml, Nanaimo, British Columbia
http://weather.gc.ca/rss/city/bc-37_e.xml, Nelson, British Columbia
http://weather.gc.ca/rss/city/bc-69_e.xml, Osoyoos, British Columbia
http://weather.gc.ca/rss/city/bc-16_e.xml, Pemberton, British Columbia
http://weather.gc.ca/rss/city/bc-84_e.xml, Penticton, British Columbia
http://weather.gc.ca/rss/city/bc-35_e.xml, Pitt Meadows, British Columbia
http://weather.gc.ca/rss/city/bc-46_e.xml, Port Alberni, British Columbia
http://weather.gc.ca/rss/city/bc-89_e.xml, Port Hardy, British Columbia
http://weather.gc.ca/rss/city/bc-58_e.xml, Powell River, British Columbia
http://weather.gc.ca/rss/city/bc-79_e.xml, Prince George, British Columbia
http://weather.gc.ca/rss/city/bc-57_e.xml, Prince Rupert, British Columbia
http://weather.gc.ca/rss/city/bc-41_e.xml, Princeton, British Columbia
http://weather.gc.ca/rss/city/bc-42_e.xml, Puntzi Mountain, British Columbia
http://weather.gc.ca/rss/city/bc-64_e.xml, Quesnel, British Columbia
http://weather.gc.ca/rss/city/bc-65_e.xml, Revelstoke, British Columbia
http://weather.gc.ca/rss/city/bc-10_e.xml, Rock Creek, British Columbia
http://weather.gc.ca/rss/city/bc-51_e.xml, Salmon Arm, British Columbia
http://weather.gc.ca/rss/city/bc-88_e.xml, Sandspit, British Columbia
http://weather.gc.ca/rss/city/bc-3_e.xml, Sechelt, British Columbia
http://weather.gc.ca/rss/city/bc-82_e.xml, Smithers, British Columbia
http://weather.gc.ca/rss/city/bc-52_e.xml, Sparwood, British Columbia
http://weather.gc.ca/rss/city/bc-50_e.xml, Squamish, British Columbia
http://weather.gc.ca/rss/city/bc-73_e.xml, Stewart, British Columbia
http://weather.gc.ca/rss/city/bc-54_e.xml, Summerland, British Columbia
http://weather.gc.ca/rss/city/bc-60_e.xml, Tatlayoko Lake, British Columbia
http://weather.gc.ca/rss/city/bc-80_e.xml, Terrace, British Columbia
http://weather.gc.ca/rss/city/bc-53_e.xml, Tetsa River (Provincial Park), British Columbia
http://weather.gc.ca/rss/city/bc-17_e.xml, Tofino, British Columbia
http://weather.gc.ca/rss/city/bc-71_e.xml, Trail, British Columbia
http://weather.gc.ca/rss/city/bc-5_e.xml, Ucluelet, British Columbia
http://weather.gc.ca/rss/city/bc-13_e.xml, Valemount, British Columbia
http://weather.gc.ca/rss/city/bc-74_e.xml, Vancouver, British Columbia
http://weather.gc.ca/rss/city/bc-44_e.xml, Vanderhoof, British Columbia
http://weather.gc.ca/rss/city/bc-27_e.xml, Vernon, British Columbia
http://weather.gc.ca/rss/city/bc-85_e.xml, Victoria, British Columbia
http://weather.gc.ca/rss/city/bc-59_e.xml, Victoria (Hartland), British Columbia
http://weather.gc.ca/rss/city/bc-66_e.xml, Victoria (University of), British Columbia
http://weather.gc.ca/rss/city/bc-75_e.xml, Victoria Harbour, British Columbia
http://weather.gc.ca/rss/city/bc-86_e.xml, Whistler, British Columbia
http://weather.gc.ca/rss/city/bc-62_e.xml, White Rock, British Columbia
http://weather.gc.ca/rss/city/bc-76_e.xml, Williams Lake, British Columbia
http://weather.gc.ca/rss/city/bc-68_e.xml, Yoho (National Park), British Columbia
http://weather.gc.ca/rss/city/mb-3_e.xml, Altona, Manitoba
http://weather.gc.ca/rss/city/mb-21_e.xml, Arnes, Manitoba
http://weather.gc.ca/rss/city/mb-43_e.xml, Bachelors Island, Manitoba
http://weather.gc.ca/rss/city/mb-54_e.xml, Berens River, Manitoba
http://weather.gc.ca/rss/city/mb-33_e.xml, Bissett, Manitoba
http://weather.gc.ca/rss/city/mb-37_e.xml, Bloodvein, Manitoba
http://weather.gc.ca/rss/city/mb-52_e.xml, Brandon, Manitoba
http://weather.gc.ca/rss/city/mb-53_e.xml, Brochet, Manitoba
http://weather.gc.ca/rss/city/mb-35_e.xml, Carberry, Manitoba
http://weather.gc.ca/rss/city/mb-65_e.xml, Carman, Manitoba
http://weather.gc.ca/rss/city/mb-42_e.xml, Churchill, Manitoba
http://weather.gc.ca/rss/city/mb-58_e.xml, Dauphin, Manitoba
http://weather.gc.ca/rss/city/mb-49_e.xml, Deerwood, Manitoba
http://weather.gc.ca/rss/city/mb-40_e.xml, Delta, Manitoba
http://weather.gc.ca/rss/city/mb-2_e.xml, Dominion City, Manitoba
http://weather.gc.ca/rss/city/mb-47_e.xml, Emerson, Manitoba
http://weather.gc.ca/rss/city/mb-24_e.xml, Fisher Branch, Manitoba
http://weather.gc.ca/rss/city/mb-60_e.xml, Flin Flon, Manitoba
http://weather.gc.ca/rss/city/mb-64_e.xml, Gillam, Manitoba
http://weather.gc.ca/rss/city/mb-62_e.xml, Gimli, Manitoba
http://weather.gc.ca/rss/city/mb-63_e.xml, Gods Lake, Manitoba
http://weather.gc.ca/rss/city/mb-9_e.xml, Grand Beach, Manitoba
http://weather.gc.ca/rss/city/mb-57_e.xml, Grand Rapids, Manitoba
http://weather.gc.ca/rss/city/mb-48_e.xml, Gretna, Manitoba
http://weather.gc.ca/rss/city/mb-50_e.xml, Hunters Point, Manitoba
http://weather.gc.ca/rss/city/mb-59_e.xml, Island Lake, Manitoba
http://weather.gc.ca/rss/city/mb-22_e.xml, Leaf Rapids, Manitoba
http://weather.gc.ca/rss/city/mb-18_e.xml, Little Grand Rapids, Manitoba
http://weather.gc.ca/rss/city/mb-41_e.xml, Lynn Lake, Manitoba
http://weather.gc.ca/rss/city/mb-15_e.xml, McCreary, Manitoba
http://weather.gc.ca/rss/city/mb-45_e.xml, Melita, Manitoba
http://weather.gc.ca/rss/city/mb-10_e.xml, Minnedosa, Manitoba
http://weather.gc.ca/rss/city/mb-17_e.xml, Morden, Manitoba
http://weather.gc.ca/rss/city/mb-11_e.xml, Morris, Manitoba
http://weather.gc.ca/rss/city/mb-25_e.xml, Norway House, Manitoba
http://weather.gc.ca/rss/city/mb-14_e.xml, Oak Point, Manitoba
http://weather.gc.ca/rss/city/mb-27_e.xml, Oxford House, Manitoba
http://weather.gc.ca/rss/city/mb-19_e.xml, Pilot Mound, Manitoba
http://weather.gc.ca/rss/city/mb-44_e.xml, Pinawa, Manitoba
http://weather.gc.ca/rss/city/mb-4_e.xml, Pine Falls, Manitoba
http://weather.gc.ca/rss/city/mb-5_e.xml, Poplar River, Manitoba
http://weather.gc.ca/rss/city/mb-29_e.xml, Portage la Prairie, Manitoba
http://weather.gc.ca/rss/city/mb-67_e.xml, Pukatawagan, Manitoba
http://weather.gc.ca/rss/city/mb-6_e.xml, Richer, Manitoba
http://weather.gc.ca/rss/city/mb-32_e.xml, Roblin, Manitoba
http://weather.gc.ca/rss/city/mb-39_e.xml, Shamattawa, Manitoba
http://weather.gc.ca/rss/city/mb-61_e.xml, Shilo, Manitoba
http://weather.gc.ca/rss/city/mb-28_e.xml, Shoal Lake, Manitoba
http://weather.gc.ca/rss/city/mb-12_e.xml, Snow Lake, Manitoba
http://weather.gc.ca/rss/city/mb-16_e.xml, Souris, Manitoba
http://weather.gc.ca/rss/city/mb-23_e.xml, Sprague, Manitoba
http://weather.gc.ca/rss/city/mb-13_e.xml, Steinbach, Manitoba
http://weather.gc.ca/rss/city/mb-46_e.xml, Swan River, Manitoba
http://weather.gc.ca/rss/city/mb-51_e.xml, Tadoule Lake, Manitoba
http://weather.gc.ca/rss/city/mb-30_e.xml, The Pas, Manitoba
http://weather.gc.ca/rss/city/mb-34_e.xml, Thompson, Manitoba
http://weather.gc.ca/rss/city/mb-66_e.xml, Turtle Mountain (Provincial Park), Manitoba
http://weather.gc.ca/rss/city/mb-55_e.xml, Victoria Beach, Manitoba
http://weather.gc.ca/rss/city/mb-20_e.xml, Virden, Manitoba
http://weather.gc.ca/rss/city/mb-7_e.xml, Vita, Manitoba
http://weather.gc.ca/rss/city/mb-31_e.xml, Wasagaming, Manitoba
http://weather.gc.ca/rss/city/mb-8_e.xml, Whiteshell, Manitoba
http://weather.gc.ca/rss/city/mb-26_e.xml, Winkler, Manitoba
http://weather.gc.ca/rss/city/mb-38_e.xml, Winnipeg, Manitoba
http://weather.gc.ca/rss/city/mb-36_e.xml, Winnipeg (The Forks), Manitoba
http://weather.gc.ca/rss/city/mb-56_e.xml, York Factory, Manitoba
http://weather.gc.ca/rss/city/nb-22_e.xml, Bas-Caraquet, New Brunswick
http://weather.gc.ca/rss/city/nb-28_e.xml, Bathurst, New Brunswick
http://weather.gc.ca/rss/city/nb-1_e.xml, Bouctouche, New Brunswick
http://weather.gc.ca/rss/city/nb-2_e.xml, Campbellton, New Brunswick
http://weather.gc.ca/rss/city/nb-30_e.xml, Charlo, New Brunswick
http://weather.gc.ca/rss/city/nb-3_e.xml, Chipman, New Brunswick
http://weather.gc.ca/rss/city/nb-26_e.xml, Dalhousie, New Brunswick
http://weather.gc.ca/rss/city/nb-4_e.xml, Doaktown, New Brunswick
http://weather.gc.ca/rss/city/nb-32_e.xml, Edmundston, New Brunswick
http://weather.gc.ca/rss/city/nb-29_e.xml, Fredericton, New Brunswick
http://weather.gc.ca/rss/city/nb-5_e.xml, Fundy (National Park), New Brunswick
http://weather.gc.ca/rss/city/nb-6_e.xml, Grand Falls, New Brunswick
http://weather.gc.ca/rss/city/nb-27_e.xml, Grand Manan, New Brunswick
http://weather.gc.ca/rss/city/nb-8_e.xml, Hopewell, New Brunswick
http://weather.gc.ca/rss/city/nb-9_e.xml, Kouchibouguac, New Brunswick
http://weather.gc.ca/rss/city/nb-25_e.xml, Miramichi, New Brunswick
http://weather.gc.ca/rss/city/nb-31_e.xml, Miscou Island, New Brunswick
http://weather.gc.ca/rss/city/nb-36_e.xml, Moncton, New Brunswick
http://weather.gc.ca/rss/city/nb-10_e.xml, Mount Carleton (Provincial Park), New Brunswick
http://weather.gc.ca/rss/city/nb-11_e.xml, Oromocto, New Brunswick
http://weather.gc.ca/rss/city/nb-34_e.xml, Point Escuminac, New Brunswick
http://weather.gc.ca/rss/city/nb-33_e.xml, Point Lepreau, New Brunswick
http://weather.gc.ca/rss/city/nb-12_e.xml, Quispamsis, New Brunswick
http://weather.gc.ca/rss/city/nb-13_e.xml, Richibucto, New Brunswick
http://weather.gc.ca/rss/city/nb-14_e.xml, Rogersville, New Brunswick
http://weather.gc.ca/rss/city/nb-15_e.xml, Sackville, New Brunswick
http://weather.gc.ca/rss/city/nb-18_e.xml, Saint Andrews, New Brunswick
http://weather.gc.ca/rss/city/nb-23_e.xml, Saint John, New Brunswick
http://weather.gc.ca/rss/city/nb-16_e.xml, Saint-Quentin, New Brunswick
http://weather.gc.ca/rss/city/nb-17_e.xml, Shediac, New Brunswick
http://weather.gc.ca/rss/city/nb-24_e.xml, St. Leonard, New Brunswick
http://weather.gc.ca/rss/city/nb-35_e.xml, St. Stephen, New Brunswick
http://weather.gc.ca/rss/city/nb-19_e.xml, Sussex, New Brunswick
http://weather.gc.ca/rss/city/nb-20_e.xml, Tracadie-Sheila, New Brunswick
http://weather.gc.ca/rss/city/nb-21_e.xml, Woodstock, New Brunswick
http://weather.gc.ca/rss/city/nl-34_e.xml, Badger, Newfoundland and Labrodor
http://weather.gc.ca/rss/city/nl-43_e.xml, Bay Roberts, Newfoundland and Labrodor
http://weather.gc.ca/rss/city/nl-14_e.xml, Bonavista, Newfoundland and Labrodor
http://weather.gc.ca/rss/city/nl-4_e.xml, Buchans, Newfoundland and Labrodor
http://weather.gc.ca/rss/city/nl-31_e.xml, Burgeo, Newfoundland and Labrodor
http://weather.gc.ca/rss/city/nl-2_e.xml, Campbellton, Newfoundland and Labrodor
http://weather.gc.ca/rss/city/nl-28_e.xml, Cape Race, Newfoundland and Labrodor
http://weather.gc.ca/rss/city/nl-32_e.xml, Cartwright, Newfoundland and Labrodor
http://weather.gc.ca/rss/city/nl-47_e.xml, Cartwright Junction (Trans-Labrador Hwy), Newfoundland and Labrodor
http://weather.gc.ca/rss/city/nl-17_e.xml, Channel-Port aux Basques, Newfoundland and Labrodor
http://weather.gc.ca/rss/city/nl-21_e.xml, Churchill Falls, Newfoundland and Labrodor
http://weather.gc.ca/rss/city/nl-1_e.xml, Clarenville, Newfoundland and Labrodor
http://weather.gc.ca/rss/city/nl-41_e.xml, Corner Brook, Newfoundland and Labrodor
http://weather.gc.ca/rss/city/nl-33_e.xml, Daniel's Harbour, Newfoundland and Labrodor
http://weather.gc.ca/rss/city/nl-39_e.xml, Deer Lake, Newfoundland and Labrodor
http://weather.gc.ca/rss/city/nl-44_e.xml, Englee, Newfoundland and Labrodor
http://weather.gc.ca/rss/city/nl-16_e.xml, Gander, Newfoundland and Labrodor
http://weather.gc.ca/rss/city/nl-5_e.xml, Grand Bank, Newfoundland and Labrodor
http://weather.gc.ca/rss/city/nl-6_e.xml, Grand Falls-Windsor, Newfoundland and Labrodor
http://weather.gc.ca/rss/city/nl-7_e.xml, Gros Morne, Newfoundland and Labrodor
http://weather.gc.ca/rss/city/nl-48_e.xml, Gull Island Rapids (Trans-Labrador Hwy), Newfoundland and Labrodor
http://weather.gc.ca/rss/city/nl-23_e.xml, Happy Valley-Goose Bay, Newfoundland and Labrodor
http://weather.gc.ca/rss/city/nl-38_e.xml, Hopedale, Newfoundland and Labrodor
http://weather.gc.ca/rss/city/nl-45_e.xml, L'Anse-au-Loup, Newfoundland and Labrodor
http://weather.gc.ca/rss/city/nl-22_e.xml, La Scie, Newfoundland and Labrodor
http://weather.gc.ca/rss/city/nl-20_e.xml, Labrador City, Newfoundland and Labrodor
http://weather.gc.ca/rss/city/nl-9_e.xml, Lewisporte, Newfoundland and Labrodor
http://weather.gc.ca/rss/city/nl-25_e.xml, Makkovik, Newfoundland and Labrodor
http://weather.gc.ca/rss/city/nl-26_e.xml, Marble Mountain, Newfoundland and Labrodor
http://weather.gc.ca/rss/city/nl-29_e.xml, Mary's Harbour, Newfoundland and Labrodor
http://weather.gc.ca/rss/city/nl-3_e.xml, Marystown, Newfoundland and Labrodor
http://weather.gc.ca/rss/city/nl-10_e.xml, Musgrave Harbour, Newfoundland and Labrodor
http://weather.gc.ca/rss/city/nl-40_e.xml, Nain, Newfoundland and Labrodor
http://weather.gc.ca/rss/city/nl-42_e.xml, New-Wes-Valley, Newfoundland and Labrodor
http://weather.gc.ca/rss/city/nl-30_e.xml, Placentia, Newfoundland and Labrodor
http://weather.gc.ca/rss/city/nl-11_e.xml, Port au Choix, Newfoundland and Labrodor
http://weather.gc.ca/rss/city/nl-46_e.xml, Rigolet, Newfoundland and Labrodor
http://weather.gc.ca/rss/city/nl-13_e.xml, Rocky Harbour, Newfoundland and Labrodor
http://weather.gc.ca/rss/city/nl-8_e.xml, St. Alban's, Newfoundland and Labrodor
http://weather.gc.ca/rss/city/nl-37_e.xml, St. Anthony, Newfoundland and Labrodor
http://weather.gc.ca/rss/city/nl-24_e.xml, St. John's, Newfoundland and Labrodor
http://weather.gc.ca/rss/city/nl-36_e.xml, St. Lawrence, Newfoundland and Labrodor
http://weather.gc.ca/rss/city/nl-27_e.xml, Stephenville, Newfoundland and Labrodor
http://weather.gc.ca/rss/city/nl-15_e.xml, Terra Nova (National Park), Newfoundland and Labrodor
http://weather.gc.ca/rss/city/nl-35_e.xml, Twillingate, Newfoundland and Labrodor
http://weather.gc.ca/rss/city/nl-12_e.xml, Wabush Lake, Newfoundland and Labrodor
http://weather.gc.ca/rss/city/nl-19_e.xml, Winterland, Newfoundland and Labrodor
http://weather.gc.ca/rss/city/nl-18_e.xml, Wreckhouse, Newfoundland and Labrodor
http://weather.gc.ca/rss/city/ns-33_e.xml, Amherst, Nova Scotia
http://weather.gc.ca/rss/city/ns-2_e.xml, Annapolis Royal, Nova Scotia
http://weather.gc.ca/rss/city/ns-3_e.xml, Antigonish, Nova Scotia
http://weather.gc.ca/rss/city/ns-37_e.xml, Baccaro Point, Nova Scotia
http://weather.gc.ca/rss/city/ns-4_e.xml, Baddeck, Nova Scotia
http://weather.gc.ca/rss/city/ns-36_e.xml, Beaver Island, Nova Scotia
http://weather.gc.ca/rss/city/ns-5_e.xml, Bridgetown, Nova Scotia
http://weather.gc.ca/rss/city/ns-6_e.xml, Bridgewater, Nova Scotia
http://weather.gc.ca/rss/city/ns-27_e.xml, Brier Island, Nova Scotia
http://weather.gc.ca/rss/city/ns-41_e.xml, Cape George, Nova Scotia
http://weather.gc.ca/rss/city/ns-34_e.xml, Caribou, Nova Scotia
http://weather.gc.ca/rss/city/ns-38_e.xml, Chéticamp, Nova Scotia
http://weather.gc.ca/rss/city/ns-20_e.xml, Digby, Nova Scotia
http://weather.gc.ca/rss/city/ns-7_e.xml, Economy, Nova Scotia
http://weather.gc.ca/rss/city/ns-44_e.xml, Eskasoni, Nova Scotia
http://weather.gc.ca/rss/city/ns-24_e.xml, Fourchu Head, Nova Scotia
http://weather.gc.ca/rss/city/ns-32_e.xml, Grand Étang, Nova Scotia
http://weather.gc.ca/rss/city/ns-35_e.xml, Greenwood, Nova Scotia
http://weather.gc.ca/rss/city/ns-8_e.xml, Guysborough, Nova Scotia
http://weather.gc.ca/rss/city/ns-19_e.xml, Halifax, Nova Scotia
http://weather.gc.ca/rss/city/ns-40_e.xml, Halifax (Shearwater), Nova Scotia
http://weather.gc.ca/rss/city/ns-23_e.xml, Hart Island, Nova Scotia
http://weather.gc.ca/rss/city/ns-16_e.xml, Ingonish, Nova Scotia
http://weather.gc.ca/rss/city/ns-42_e.xml, Kejimkujik (National Park), Nova Scotia
http://weather.gc.ca/rss/city/ns-17_e.xml, Kentville, Nova Scotia
http://weather.gc.ca/rss/city/ns-39_e.xml, Liverpool, Nova Scotia
http://weather.gc.ca/rss/city/ns-21_e.xml, Lunenburg, Nova Scotia
http://weather.gc.ca/rss/city/ns-22_e.xml, Malay Falls, Nova Scotia
http://weather.gc.ca/rss/city/ns-1_e.xml, New Glasgow, Nova Scotia
http://weather.gc.ca/rss/city/ns-18_e.xml, North East Margaree, Nova Scotia
http://weather.gc.ca/rss/city/ns-43_e.xml, North Mountain (Cape Breton), Nova Scotia
http://weather.gc.ca/rss/city/ns-13_e.xml, Parrsboro, Nova Scotia
http://weather.gc.ca/rss/city/ns-26_e.xml, Port Hawkesbury, Nova Scotia
http://weather.gc.ca/rss/city/ns-10_e.xml, Sheet Harbour, Nova Scotia
http://weather.gc.ca/rss/city/ns-11_e.xml, Shelburne, Nova Scotia
http://weather.gc.ca/rss/city/ns-12_e.xml, St. Peter's, Nova Scotia
http://weather.gc.ca/rss/city/ns-31_e.xml, Sydney, Nova Scotia
http://weather.gc.ca/rss/city/ns-14_e.xml, Tatamagouche, Nova Scotia
http://weather.gc.ca/rss/city/ns-28_e.xml, Tracadie, Nova Scotia
http://weather.gc.ca/rss/city/ns-25_e.xml, Truro, Nova Scotia
http://weather.gc.ca/rss/city/ns-30_e.xml, Western Head, Nova Scotia
http://weather.gc.ca/rss/city/ns-15_e.xml, Windsor, Nova Scotia
http://weather.gc.ca/rss/city/ns-29_e.xml, Yarmouth, Nova Scotia
http://weather.gc.ca/rss/city/nt-13_e.xml, Aklavik, Northwest Territories
http://weather.gc.ca/rss/city/nt-26_e.xml, Colville Lake, Northwest Territories
http://weather.gc.ca/rss/city/nt-22_e.xml, Deline, Northwest Territories
http://weather.gc.ca/rss/city/nt-1_e.xml, Detah, Northwest Territories
http://weather.gc.ca/rss/city/nt-14_e.xml, Ekati (Lac de Gras), Northwest Territories
http://weather.gc.ca/rss/city/nt-2_e.xml, Enterprise, Northwest Territories
http://weather.gc.ca/rss/city/nt-5_e.xml, Fort Good Hope, Northwest Territories
http://weather.gc.ca/rss/city/nt-29_e.xml, Fort Liard, Northwest Territories
http://weather.gc.ca/rss/city/nt-10_e.xml, Fort McPherson, Northwest Territories
http://weather.gc.ca/rss/city/nt-27_e.xml, Fort Providence, Northwest Territories
http://weather.gc.ca/rss/city/nt-3_e.xml, Fort Resolution, Northwest Territories
http://weather.gc.ca/rss/city/nt-4_e.xml, Fort Simpson, Northwest Territories
http://weather.gc.ca/rss/city/nt-17_e.xml, Fort Smith, Northwest Territories
http://weather.gc.ca/rss/city/nt-18_e.xml, Gameti, Northwest Territories
http://weather.gc.ca/rss/city/nt-8_e.xml, Hay River, Northwest Territories
http://weather.gc.ca/rss/city/nt-28_e.xml, Indin River, Northwest Territories
http://weather.gc.ca/rss/city/nt-30_e.xml, Inuvik, Northwest Territories
http://weather.gc.ca/rss/city/nt-31_e.xml, Lutselke, Northwest Territories
http://weather.gc.ca/rss/city/nt-12_e.xml, Nahanni Butte, Northwest Territories
http://weather.gc.ca/rss/city/nt-21_e.xml, Norman Wells, Northwest Territories
http://weather.gc.ca/rss/city/nt-16_e.xml, Paulatuk, Northwest Territories
http://weather.gc.ca/rss/city/nt-19_e.xml, Sachs Harbour, Northwest Territories
http://weather.gc.ca/rss/city/nt-15_e.xml, Trout Lake, Northwest Territories
http://weather.gc.ca/rss/city/nt-20_e.xml, Tuktoyaktuk, Northwest Territories
http://weather.gc.ca/rss/city/nt-11_e.xml, Tulita, Northwest Territories
http://weather.gc.ca/rss/city/nt-7_e.xml, Ulukhaktok, Northwest Territories
http://weather.gc.ca/rss/city/nt-9_e.xml, Wekweeti, Northwest Territories
http://weather.gc.ca/rss/city/nt-6_e.xml, Whati, Northwest Territories
http://weather.gc.ca/rss/city/nt-23_e.xml, Wrigley, Northwest Territories
http://weather.gc.ca/rss/city/nt-24_e.xml, Yellowknife, Northwest Territories
http://weather.gc.ca/rss/city/nu-22_e.xml, Alert, Nunavut
http://weather.gc.ca/rss/city/nu-10_e.xml, Arctic Bay, Nunavut
http://weather.gc.ca/rss/city/nu-20_e.xml, Arviat, Nunavut
http://weather.gc.ca/rss/city/nu-14_e.xml, Baker Lake, Nunavut
http://weather.gc.ca/rss/city/nu-15_e.xml, Cambridge Bay, Nunavut
http://weather.gc.ca/rss/city/nu-2_e.xml, Cape Dorset, Nunavut
http://weather.gc.ca/rss/city/nu-17_e.xml, Chesterfield, Nunavut
http://weather.gc.ca/rss/city/nu-18_e.xml, Clyde River, Nunavut
http://weather.gc.ca/rss/city/nu-9_e.xml, Coral Harbour, Nunavut
http://weather.gc.ca/rss/city/nu-19_e.xml, Ennadai, Nunavut
http://weather.gc.ca/rss/city/nu-11_e.xml, Eureka, Nunavut
http://weather.gc.ca/rss/city/nu-24_e.xml, Gjoa Haven, Nunavut
http://weather.gc.ca/rss/city/nu-12_e.xml, Grise Fiord, Nunavut
http://weather.gc.ca/rss/city/nu-4_e.xml, Hall Beach, Nunavut
http://weather.gc.ca/rss/city/nu-23_e.xml, Igloolik, Nunavut
http://weather.gc.ca/rss/city/nu-21_e.xml, Iqaluit, Nunavut
http://weather.gc.ca/rss/city/nu-26_e.xml, Kimmirut, Nunavut
http://weather.gc.ca/rss/city/nu-13_e.xml, Kugaaruk, Nunavut
http://weather.gc.ca/rss/city/nu-16_e.xml, Kugluktuk, Nunavut
http://weather.gc.ca/rss/city/nu-1_e.xml, Nanisivik, Nunavut
http://weather.gc.ca/rss/city/nu-3_e.xml, Naujaat, Nunavut
http://weather.gc.ca/rss/city/nu-7_e.xml, Pangnirtung, Nunavut
http://weather.gc.ca/rss/city/nu-25_e.xml, Pond Inlet, Nunavut
http://weather.gc.ca/rss/city/nu-5_e.xml, Qikiqtarjuaq, Nunavut
http://weather.gc.ca/rss/city/nu-28_e.xml, Rankin Inlet, Nunavut
http://weather.gc.ca/rss/city/nu-27_e.xml, Resolute, Nunavut
http://weather.gc.ca/rss/city/nu-29_e.xml, Sanikiluaq, Nunavut
http://weather.gc.ca/rss/city/nu-8_e.xml, Taloyoak, Nunavut
http://weather.gc.ca/rss/city/nu-6_e.xml, Whale Cove, Nunavut
http://weather.gc.ca/rss/city/on-122_e.xml, Alexandria, Ontario
http://weather.gc.ca/rss/city/on-1_e.xml, Algonquin Park (Brent), Ontario
http://weather.gc.ca/rss/city/on-29_e.xml, Algonquin Park (Lake of Two Rivers), Ontario
http://weather.gc.ca/rss/city/on-114_e.xml, Alliston, Ontario
http://weather.gc.ca/rss/city/on-30_e.xml, Apsley, Ontario
http://weather.gc.ca/rss/city/on-111_e.xml, Armstrong, Ontario
http://weather.gc.ca/rss/city/on-148_e.xml, Atikokan, Ontario
http://weather.gc.ca/rss/city/on-164_e.xml, Attawapiskat, Ontario
http://weather.gc.ca/rss/city/on-102_e.xml, Bancroft, Ontario
http://weather.gc.ca/rss/city/on-151_e.xml, Barrie, Ontario
http://weather.gc.ca/rss/city/on-133_e.xml, Barry's Bay, Ontario
http://weather.gc.ca/rss/city/on-3_e.xml, Belleville, Ontario
http://weather.gc.ca/rss/city/on-124_e.xml, Big Trout Lake, Ontario
http://weather.gc.ca/rss/city/on-21_e.xml, Blind River, Ontario
http://weather.gc.ca/rss/city/on-9_e.xml, Bracebridge, Ontario
http://weather.gc.ca/rss/city/on-4_e.xml, Brampton, Ontario
http://weather.gc.ca/rss/city/on-86_e.xml, Brantford, Ontario
http://weather.gc.ca/rss/city/on-8_e.xml, Brockville, Ontario
http://weather.gc.ca/rss/city/on-31_e.xml, Burk's Falls, Ontario
http://weather.gc.ca/rss/city/on-95_e.xml, Burlington, Ontario
http://weather.gc.ca/rss/city/on-32_e.xml, Caledon, Ontario
http://weather.gc.ca/rss/city/on-81_e.xml, Cambridge, Ontario
http://weather.gc.ca/rss/city/on-91_e.xml, Chapleau, Ontario
http://weather.gc.ca/rss/city/on-11_e.xml, Chatham-Kent, Ontario
http://weather.gc.ca/rss/city/on-75_e.xml, Cobourg, Ontario
http://weather.gc.ca/rss/city/on-33_e.xml, Cochrane, Ontario
http://weather.gc.ca/rss/city/on-150_e.xml, Collingwood, Ontario
http://weather.gc.ca/rss/city/on-152_e.xml, Cornwall, Ontario
http://weather.gc.ca/rss/city/on-83_e.xml, Deep River, Ontario
http://weather.gc.ca/rss/city/on-34_e.xml, Dorion, Ontario
http://weather.gc.ca/rss/city/on-72_e.xml, Dryden, Ontario
http://weather.gc.ca/rss/city/on-35_e.xml, Dunchurch, Ontario
http://weather.gc.ca/rss/city/on-36_e.xml, Dundalk, Ontario
http://weather.gc.ca/rss/city/on-167_e.xml, Ear Falls, Ontario
http://weather.gc.ca/rss/city/on-136_e.xml, Earlton, Ontario
http://weather.gc.ca/rss/city/on-170_e.xml, Elliot Lake, Ontario
http://weather.gc.ca/rss/city/on-173_e.xml, Fort Albany, Ontario
http://weather.gc.ca/rss/city/on-12_e.xml, Fort Erie, Ontario
http://weather.gc.ca/rss/city/on-159_e.xml, Fort Frances, Ontario
http://weather.gc.ca/rss/city/on-171_e.xml, Fort Severn, Ontario
http://weather.gc.ca/rss/city/on-90_e.xml, Gananoque, Ontario
http://weather.gc.ca/rss/city/on-160_e.xml, Goderich, Ontario
http://weather.gc.ca/rss/city/on-37_e.xml, Gogama, Ontario
http://weather.gc.ca/rss/city/on-144_e.xml, Gore Bay, Ontario
http://weather.gc.ca/rss/city/on-38_e.xml, Gravenhurst, Ontario
http://weather.gc.ca/rss/city/on-39_e.xml, Greater Napanee, Ontario
http://weather.gc.ca/rss/city/on-40_e.xml, Greater Sudbury, Ontario
http://weather.gc.ca/rss/city/on-153_e.xml, Greenstone (Beardmore), Ontario
http://weather.gc.ca/rss/city/on-70_e.xml, Greenstone (Geraldton), Ontario
http://weather.gc.ca/rss/city/on-97_e.xml, Greenstone (Nakina), Ontario
http://weather.gc.ca/rss/city/on-5_e.xml, Guelph, Ontario
http://weather.gc.ca/rss/city/on-41_e.xml, Gull Bay, Ontario
http://weather.gc.ca/rss/city/on-42_e.xml, Haldimand County, Ontario
http://weather.gc.ca/rss/city/on-165_e.xml, Haliburton, Ontario
http://weather.gc.ca/rss/city/on-68_e.xml, Halton Hills, Ontario
http://weather.gc.ca/rss/city/on-77_e.xml, Hamilton, Ontario
http://weather.gc.ca/rss/city/on-71_e.xml, Hawkesbury, Ontario
http://weather.gc.ca/rss/city/on-73_e.xml, Hearst, Ontario
http://weather.gc.ca/rss/city/on-78_e.xml, Hornepayne, Ontario
http://weather.gc.ca/rss/city/on-88_e.xml, Huntsville, Ontario
http://weather.gc.ca/rss/city/on-156_e.xml, Ignace, Ontario
http://weather.gc.ca/rss/city/on-145_e.xml, Kakabeka Falls, Ontario
http://weather.gc.ca/rss/city/on-43_e.xml, Kaladar, Ontario
http://weather.gc.ca/rss/city/on-142_e.xml, Kapuskasing, Ontario
http://weather.gc.ca/rss/city/on-44_e.xml, Kawartha Lakes (Fenelon Falls), Ontario
http://weather.gc.ca/rss/city/on-168_e.xml, Kawartha Lakes (Lindsay), Ontario
http://weather.gc.ca/rss/city/on-74_e.xml, Kemptville, Ontario
http://weather.gc.ca/rss/city/on-96_e.xml, Kenora, Ontario
http://weather.gc.ca/rss/city/on-146_e.xml, Killarney, Ontario
http://weather.gc.ca/rss/city/on-28_e.xml, Kincardine, Ontario
http://weather.gc.ca/rss/city/on-69_e.xml, Kingston, Ontario
http://weather.gc.ca/rss/city/on-76_e.xml, Kirkland Lake, Ontario
http://weather.gc.ca/rss/city/on-82_e.xml, Kitchener-Waterloo, Ontario
http://weather.gc.ca/rss/city/on-45_e.xml, Lake Superior (Provincial Park), Ontario
http://weather.gc.ca/rss/city/on-46_e.xml, Lambton Shores, Ontario
http://weather.gc.ca/rss/city/on-87_e.xml, Lansdowne House, Ontario
http://weather.gc.ca/rss/city/on-23_e.xml, Leamington, Ontario
http://weather.gc.ca/rss/city/on-47_e.xml, Lincoln, Ontario
http://weather.gc.ca/rss/city/on-137_e.xml, London, Ontario
http://weather.gc.ca/rss/city/on-108_e.xml, Marathon, Ontario
http://weather.gc.ca/rss/city/on-85_e.xml, Markham, Ontario
http://weather.gc.ca/rss/city/on-169_e.xml, Midland, Ontario
http://weather.gc.ca/rss/city/on-48_e.xml, Mine Centre, Ontario
http://weather.gc.ca/rss/city/on-24_e.xml, Mississauga, Ontario
http://weather.gc.ca/rss/city/on-163_e.xml, Montreal River Harbour, Ontario
http://weather.gc.ca/rss/city/on-113_e.xml, Moosonee, Ontario
http://weather.gc.ca/rss/city/on-92_e.xml, Morrisburg, Ontario
http://weather.gc.ca/rss/city/on-89_e.xml, Mount Forest, Ontario
http://weather.gc.ca/rss/city/on-93_e.xml, Muskoka, Ontario
http://weather.gc.ca/rss/city/on-49_e.xml, New Tecumseth, Ontario
http://weather.gc.ca/rss/city/on-25_e.xml, Newmarket, Ontario
http://weather.gc.ca/rss/city/on-125_e.xml, Niagara Falls, Ontario
http://weather.gc.ca/rss/city/on-26_e.xml, Nipigon, Ontario
http://weather.gc.ca/rss/city/on-50_e.xml, Norfolk, Ontario
http://weather.gc.ca/rss/city/on-139_e.xml, North Bay, Ontario
http://weather.gc.ca/rss/city/on-51_e.xml, North Perth, Ontario
http://weather.gc.ca/rss/city/on-79_e.xml, Oakville, Ontario
http://weather.gc.ca/rss/city/on-101_e.xml, Ogoki, Ontario
http://weather.gc.ca/rss/city/on-140_e.xml, Orangeville, Ontario
http://weather.gc.ca/rss/city/on-13_e.xml, Orillia, Ontario
http://weather.gc.ca/rss/city/on-117_e.xml, Oshawa, Ontario
http://weather.gc.ca/rss/city/on-118_e.xml, Ottawa (Kanata - Orléans), Ontario
http://weather.gc.ca/rss/city/on-52_e.xml, Ottawa (Richmond - Metcalfe), Ontario
http://weather.gc.ca/rss/city/on-7_e.xml, Owen Sound, Ontario
http://weather.gc.ca/rss/city/on-53_e.xml, Oxtongue Lake, Ontario
http://weather.gc.ca/rss/city/on-103_e.xml, Parry Sound, Ontario
http://weather.gc.ca/rss/city/on-99_e.xml, Peawanuck, Ontario
http://weather.gc.ca/rss/city/on-131_e.xml, Pembroke, Ontario
http://weather.gc.ca/rss/city/on-112_e.xml, Petawawa, Ontario
http://weather.gc.ca/rss/city/on-121_e.xml, Peterborough, Ontario
http://weather.gc.ca/rss/city/on-54_e.xml, Pickering, Ontario
http://weather.gc.ca/rss/city/on-120_e.xml, Pickle Lake, Ontario
http://weather.gc.ca/rss/city/on-55_e.xml, Pikangikum, Ontario
http://weather.gc.ca/rss/city/on-56_e.xml, Port Carling, Ontario
http://weather.gc.ca/rss/city/on-80_e.xml, Port Colborne, Ontario
http://weather.gc.ca/rss/city/on-19_e.xml, Port Elgin, Ontario
http://weather.gc.ca/rss/city/on-149_e.xml, Port Perry, Ontario
http://weather.gc.ca/rss/city/on-27_e.xml, Prince Edward (Picton), Ontario
http://weather.gc.ca/rss/city/on-57_e.xml, Quinte West, Ontario
http://weather.gc.ca/rss/city/on-104_e.xml, Red Lake, Ontario
http://weather.gc.ca/rss/city/on-58_e.xml, Renfrew, Ontario
http://weather.gc.ca/rss/city/on-59_e.xml, Richmond Hill, Ontario
http://weather.gc.ca/rss/city/on-172_e.xml, Rodney, Ontario
http://weather.gc.ca/rss/city/on-141_e.xml, Rondeau (Provincial Park), Ontario
http://weather.gc.ca/rss/city/on-105_e.xml, Sachigo Lake, Ontario
http://weather.gc.ca/rss/city/on-129_e.xml, Sandy Lake, Ontario
http://weather.gc.ca/rss/city/on-147_e.xml, Sarnia, Ontario
http://weather.gc.ca/rss/city/on-60_e.xml, Saugeen Shores, Ontario
http://weather.gc.ca/rss/city/on-162_e.xml, Sault Ste. Marie, Ontario
http://weather.gc.ca/rss/city/on-134_e.xml, Savant Lake, Ontario
http://weather.gc.ca/rss/city/on-61_e.xml, Sharbot Lake, Ontario
http://weather.gc.ca/rss/city/on-84_e.xml, Shelburne, Ontario
http://weather.gc.ca/rss/city/on-161_e.xml, Simcoe, Ontario
http://weather.gc.ca/rss/city/on-135_e.xml, Sioux Lookout, Ontario
http://weather.gc.ca/rss/city/on-166_e.xml, Sioux Narrows, Ontario
http://weather.gc.ca/rss/city/on-106_e.xml, Smiths Falls, Ontario
http://weather.gc.ca/rss/city/on-62_e.xml, South Bruce Peninsula, Ontario
http://weather.gc.ca/rss/city/on-107_e.xml, St. Catharines, Ontario
http://weather.gc.ca/rss/city/on-98_e.xml, St. Thomas, Ontario
http://weather.gc.ca/rss/city/on-115_e.xml, Stirling, Ontario
http://weather.gc.ca/rss/city/on-116_e.xml, Stratford, Ontario
http://weather.gc.ca/rss/city/on-18_e.xml, Strathroy, Ontario
http://weather.gc.ca/rss/city/on-174_e.xml, Sudbury (Greater), Ontario
http://weather.gc.ca/rss/city/on-63_e.xml, Sydenham, Ontario
http://weather.gc.ca/rss/city/on-22_e.xml, Temiskaming Shores, Ontario
http://weather.gc.ca/rss/city/on-123_e.xml, Terrace Bay, Ontario
http://weather.gc.ca/rss/city/on-100_e.xml, Thunder Bay, Ontario
http://weather.gc.ca/rss/city/on-17_e.xml, Tillsonburg, Ontario
http://weather.gc.ca/rss/city/on-127_e.xml, Timmins, Ontario
http://weather.gc.ca/rss/city/on-157_e.xml, Tobermory, Ontario
http://weather.gc.ca/rss/city/on-143_e.xml, Toronto, Ontario
http://weather.gc.ca/rss/city/on-128_e.xml, Toronto Island, Ontario
http://weather.gc.ca/rss/city/on-126_e.xml, Trenton, Ontario
http://weather.gc.ca/rss/city/on-154_e.xml, Upsala, Ontario
http://weather.gc.ca/rss/city/on-64_e.xml, Vaughan, Ontario
http://weather.gc.ca/rss/city/on-109_e.xml, Vineland, Ontario
http://weather.gc.ca/rss/city/on-16_e.xml, Walkerton, Ontario
http://weather.gc.ca/rss/city/on-138_e.xml, Wawa, Ontario
http://weather.gc.ca/rss/city/on-132_e.xml, Webequie, Ontario
http://weather.gc.ca/rss/city/on-14_e.xml, Welland, Ontario
http://weather.gc.ca/rss/city/on-65_e.xml, West Nipissing, Ontario
http://weather.gc.ca/rss/city/on-66_e.xml, Westport, Ontario
http://weather.gc.ca/rss/city/on-119_e.xml, Whitby, Ontario
http://weather.gc.ca/rss/city/on-67_e.xml, White River, Ontario
http://weather.gc.ca/rss/city/on-130_e.xml, Wiarton, Ontario
http://weather.gc.ca/rss/city/on-155_e.xml, Winchester, Ontario
http://weather.gc.ca/rss/city/on-94_e.xml, Windsor, Ontario
http://weather.gc.ca/rss/city/on-110_e.xml, Wingham, Ontario
http://weather.gc.ca/rss/city/on-15_e.xml, Woodstock, Ontario
http://weather.gc.ca/rss/city/on-158_e.xml, Wunnummin Lake, Ontario
http://weather.gc.ca/rss/city/pe-5_e.xml, Charlottetown, Prince Edward Island
http://weather.gc.ca/rss/city/pe-6_e.xml, East Point, Prince Edward Island
http://weather.gc.ca/rss/city/pe-2_e.xml, Maple Plains, Prince Edward Island
http://weather.gc.ca/rss/city/pe-1_e.xml, North Cape, Prince Edward Island
http://weather.gc.ca/rss/city/pe-4_e.xml, St. Peters Bay, Prince Edward Island
http://weather.gc.ca/rss/city/pe-3_e.xml, Summerside, Prince Edward Island
http://weather.gc.ca/rss/city/qc-36_e.xml, Akulivik, Quebec
http://weather.gc.ca/rss/city/qc-144_e.xml, Alma, Quebec
http://weather.gc.ca/rss/city/qc-168_e.xml, Amos, Quebec
http://weather.gc.ca/rss/city/qc-146_e.xml, Amqui, Quebec
http://weather.gc.ca/rss/city/qc-38_e.xml, Asbestos, Quebec
http://weather.gc.ca/rss/city/qc-117_e.xml, Aupaluk, Quebec
http://weather.gc.ca/rss/city/qc-161_e.xml, Bagotville, Quebec
http://weather.gc.ca/rss/city/qc-160_e.xml, Baie-Comeau, Quebec
http://weather.gc.ca/rss/city/qc-69_e.xml, Baie-James, Quebec
http://weather.gc.ca/rss/city/qc-165_e.xml, Baie-Saint-Paul, Quebec
http://weather.gc.ca/rss/city/qc-48_e.xml, Beauceville, Quebec
http://weather.gc.ca/rss/city/qc-49_e.xml, Beauharnois, Quebec
http://weather.gc.ca/rss/city/qc-50_e.xml, Bécancour, Quebec
http://weather.gc.ca/rss/city/qc-51_e.xml, Bernières, Quebec
http://weather.gc.ca/rss/city/qc-25_e.xml, Berthierville, Quebec
http://weather.gc.ca/rss/city/qc-52_e.xml, Blainville, Quebec
http://weather.gc.ca/rss/city/qc-163_e.xml, Blanc-Sablon, Quebec
http://weather.gc.ca/rss/city/qc-53_e.xml, Boisbriand, Quebec
http://weather.gc.ca/rss/city/qc-54_e.xml, Bonaventure, Quebec
http://weather.gc.ca/rss/city/qc-55_e.xml, Candiac, Quebec
http://weather.gc.ca/rss/city/qc-120_e.xml, Cap Chat, Quebec
http://weather.gc.ca/rss/city/qc-56_e.xml, Carignan, Quebec
http://weather.gc.ca/rss/city/qc-57_e.xml, Carleton-sur-Mer, Quebec
http://weather.gc.ca/rss/city/qc-58_e.xml, Chambly, Quebec
http://weather.gc.ca/rss/city/qc-d4_e.xml, Chandler, Quebec
http://weather.gc.ca/rss/city/qc-119_e.xml, Charlevoix, Quebec
http://weather.gc.ca/rss/city/qc-59_e.xml, Chelsea, Quebec
http://weather.gc.ca/rss/city/qc-152_e.xml, Chevery, Quebec
http://weather.gc.ca/rss/city/qc-121_e.xml, Chibougamau, Quebec
http://weather.gc.ca/rss/city/qc-60_e.xml, Coaticook, Quebec
http://weather.gc.ca/rss/city/qc-46_e.xml, Contrecoeur, Quebec
http://weather.gc.ca/rss/city/qc-61_e.xml, Cowansville, Quebec
http://weather.gc.ca/rss/city/qc-62_e.xml, Delson, Quebec
http://weather.gc.ca/rss/city/qc-63_e.xml, Deux-Montagnes, Quebec
http://weather.gc.ca/rss/city/qc-64_e.xml, Dolbeau-Mistassini, Quebec
http://weather.gc.ca/rss/city/qc-65_e.xml, Donnacona, Quebec
http://weather.gc.ca/rss/city/qc-2_e.xml, Drummondville, Quebec
http://weather.gc.ca/rss/city/qc-26_e.xml, Escoumins, Quebec
http://weather.gc.ca/rss/city/qc-140_e.xml, Farnham, Quebec
http://weather.gc.ca/rss/city/qc-29_e.xml, Fermont, Quebec
http://weather.gc.ca/rss/city/qc-27_e.xml, Forestville, Quebec
http://weather.gc.ca/rss/city/qc-67_e.xml, Forillon, Quebec
http://weather.gc.ca/rss/city/qc-95_e.xml, Forillon (National Park), Quebec
http://weather.gc.ca/rss/city/qc-101_e.xml, Gaspé, Quebec
http://weather.gc.ca/rss/city/qc-94_e.xml, Gaspésie (Parc national), Quebec
http://weather.gc.ca/rss/city/qc-126_e.xml, Gatineau, Quebec
http://weather.gc.ca/rss/city/qc-a1_e.xml, Gouin (Réservoir), Quebec
http://weather.gc.ca/rss/city/qc-5_e.xml, Granby, Quebec
http://weather.gc.ca/rss/city/qc-169_e.xml, Grande-Vallée, Quebec
http://weather.gc.ca/rss/city/qc-104_e.xml, Havre St-Pierre, Quebec
http://weather.gc.ca/rss/city/qc-68_e.xml, Huntingdon, Quebec
http://weather.gc.ca/rss/city/qc-103_e.xml, Îles-de-la-Madeleine, Quebec
http://weather.gc.ca/rss/city/qc-131_e.xml, Inukjuak, Quebec
http://weather.gc.ca/rss/city/qc-112_e.xml, Ivujivik, Quebec
http://weather.gc.ca/rss/city/qc-137_e.xml, Joliette, Quebec
http://weather.gc.ca/rss/city/qc-70_e.xml, Kamouraska, Quebec
http://weather.gc.ca/rss/city/qc-118_e.xml, Kangiqsualujjuaq, Quebec
http://weather.gc.ca/rss/city/qc-155_e.xml, Kangiqsujuaq, Quebec
http://weather.gc.ca/rss/city/qc-159_e.xml, Kangirsuk, Quebec
http://weather.gc.ca/rss/city/qc-150_e.xml, Kuujjuaq, Quebec
http://weather.gc.ca/rss/city/qc-105_e.xml, Kuujjuarapik, Quebec
http://weather.gc.ca/rss/city/qc-156_e.xml, L'Assomption, Quebec
http://weather.gc.ca/rss/city/qc-77_e.xml, L'Islet, Quebec
http://weather.gc.ca/rss/city/qc-158_e.xml, La Grande Rivière, Quebec
http://weather.gc.ca/rss/city/qc-100_e.xml, La Grande-Quatre, Quebec
http://weather.gc.ca/rss/city/qc-11_e.xml, La Malbaie, Quebec
http://weather.gc.ca/rss/city/qc-71_e.xml, La Prairie, Quebec
http://weather.gc.ca/rss/city/qc-45_e.xml, La Sarre, Quebec
http://weather.gc.ca/rss/city/qc-154_e.xml, La Tuque, Quebec
http://weather.gc.ca/rss/city/qc-30_e.xml, La Vérendrye (Réserve faunique), Quebec
http://weather.gc.ca/rss/city/qc-99_e.xml, Lac Raglan, Quebec
http://weather.gc.ca/rss/city/qc-72_e.xml, Lac-Mégantic, Quebec
http://weather.gc.ca/rss/city/qc-73_e.xml, Lac-Saint-Jean, Quebec
http://weather.gc.ca/rss/city/qc-14_e.xml, Lachute, Quebec
http://weather.gc.ca/rss/city/qc-74_e.xml, Lanaudière, Quebec
http://weather.gc.ca/rss/city/qc-113_e.xml, Laurentides (Réserve faunique), Quebec
http://weather.gc.ca/rss/city/qc-76_e.xml, Laval, Quebec
http://weather.gc.ca/rss/city/qc-d3_e.xml, Le Gardeur, Quebec
http://weather.gc.ca/rss/city/qc-78_e.xml, Lévis, Quebec
http://weather.gc.ca/rss/city/qc-109_e.xml, Longueuil, Quebec
http://weather.gc.ca/rss/city/qc-81_e.xml, Lorraine, Quebec
http://weather.gc.ca/rss/city/qc-d2_e.xml, Louiseville, Quebec
http://weather.gc.ca/rss/city/qc-83_e.xml, Magog, Quebec
http://weather.gc.ca/rss/city/qc-153_e.xml, Manicouagan, Quebec
http://weather.gc.ca/rss/city/qc-102_e.xml, Maniwaki, Quebec
http://weather.gc.ca/rss/city/qc-84_e.xml, Marieville, Quebec
http://weather.gc.ca/rss/city/qc-85_e.xml, Mascouche, Quebec
http://weather.gc.ca/rss/city/qc-129_e.xml, Matagami, Quebec
http://weather.gc.ca/rss/city/qc-15_e.xml, Matane, Quebec
http://weather.gc.ca/rss/city/qc-151_e.xml, Matapedia, Quebec
http://weather.gc.ca/rss/city/qc-89_e.xml, Mauricie, Quebec
http://weather.gc.ca/rss/city/qc-90_e.xml, Mingan, Quebec
http://weather.gc.ca/rss/city/qc-123_e.xml, Mirabel, Quebec
http://weather.gc.ca/rss/city/qc-92_e.xml, Mont Saint-Hilaire, Quebec
http://weather.gc.ca/rss/city/qc-127_e.xml, Mont-Joli, Quebec
http://weather.gc.ca/rss/city/qc-47_e.xml, Mont-Laurier, Quebec
http://weather.gc.ca/rss/city/qc-167_e.xml, Mont-Tremblant, Quebec
http://weather.gc.ca/rss/city/qc-124_e.xml, Montmagny, Quebec
http://weather.gc.ca/rss/city/qc-147_e.xml, Montréal, Quebec
http://weather.gc.ca/rss/city/qc-16_e.xml, Murdochville, Quebec
http://weather.gc.ca/rss/city/qc-125_e.xml, Natashquan, Quebec
http://weather.gc.ca/rss/city/qc-111_e.xml, New Carlisle, Quebec
http://weather.gc.ca/rss/city/qc-110_e.xml, Nicolet, Quebec
http://weather.gc.ca/rss/city/qc-93_e.xml, Otterburn Park, Quebec
http://weather.gc.ca/rss/city/qc-17_e.xml, Papineau, Quebec
http://weather.gc.ca/rss/city/qc-114_e.xml, Parent, Quebec
http://weather.gc.ca/rss/city/qc-18_e.xml, Percé, Quebec
http://weather.gc.ca/rss/city/qc-96_e.xml, Pincourt, Quebec
http://weather.gc.ca/rss/city/qc-20_e.xml, Pointe-à-la-Croix, Quebec
http://weather.gc.ca/rss/city/qc-19_e.xml, Pontiac, Quebec
http://weather.gc.ca/rss/city/qc-97_e.xml, Port-Cartier, Quebec
http://weather.gc.ca/rss/city/qc-142_e.xml, Port-Menier, Quebec
http://weather.gc.ca/rss/city/qc-98_e.xml, Prévost, Quebec
http://weather.gc.ca/rss/city/qc-40_e.xml, Puvirnituq, Quebec
http://weather.gc.ca/rss/city/qc-106_e.xml, Quaqtaq, Quebec
http://weather.gc.ca/rss/city/qc-133_e.xml, Québec, Quebec
http://weather.gc.ca/rss/city/qc-a0_e.xml, Repentigny, Quebec
http://weather.gc.ca/rss/city/qc-21_e.xml, Richelieu, Quebec
http://weather.gc.ca/rss/city/qc-a2_e.xml, Rigaud, Quebec
http://weather.gc.ca/rss/city/qc-138_e.xml, Rimouski, Quebec
http://weather.gc.ca/rss/city/qc-108_e.xml, Rivière-du-Loup, Quebec
http://weather.gc.ca/rss/city/qc-134_e.xml, Roberval, Quebec
http://weather.gc.ca/rss/city/qc-a3_e.xml, Rosemère, Quebec
http://weather.gc.ca/rss/city/qc-148_e.xml, Rouyn-Noranda, Quebec
http://weather.gc.ca/rss/city/qc-166_e.xml, Saguenay, Quebec
http://weather.gc.ca/rss/city/qc-a5_e.xml, Saint-Amable, Quebec
http://weather.gc.ca/rss/city/qc-a6_e.xml, Saint-Basile Le Grand, Quebec
http://weather.gc.ca/rss/city/qc-a7_e.xml, Saint-Constant, Quebec
http://weather.gc.ca/rss/city/qc-b4_e.xml, Saint-Eustache, Quebec
http://weather.gc.ca/rss/city/qc-b5_e.xml, Saint-Félicien, Quebec
http://weather.gc.ca/rss/city/qc-b6_e.xml, Saint-Georges, Quebec
http://weather.gc.ca/rss/city/qc-22_e.xml, Saint-Hyacinthe, Quebec
http://weather.gc.ca/rss/city/qc-28_e.xml, Saint-Jean-sur-Richelieu, Quebec
http://weather.gc.ca/rss/city/qc-13_e.xml, Saint-Jérôme, Quebec
http://weather.gc.ca/rss/city/qc-b7_e.xml, Saint-Lazare, Quebec
http://weather.gc.ca/rss/city/qc-b8_e.xml, Saint-Lin-Laurentides, Quebec
http://weather.gc.ca/rss/city/qc-b9_e.xml, Saint-Luc, Quebec
http://weather.gc.ca/rss/city/qc-c0_e.xml, Saint-Michel-des-Saints, Quebec
http://weather.gc.ca/rss/city/qc-c1_e.xml, Saint-Nicéphore, Quebec
http://weather.gc.ca/rss/city/qc-c2_e.xml, Saint-Rémi, Quebec
http://weather.gc.ca/rss/city/qc-c3_e.xml, Saint-Sauveur, Quebec
http://weather.gc.ca/rss/city/qc-c4_e.xml, Saint-Timothée, Quebec
http://weather.gc.ca/rss/city/qc-33_e.xml, Sainte-Agathe, Quebec
http://weather.gc.ca/rss/city/qc-a8_e.xml, Sainte-Anne-Des-Monts, Quebec
http://weather.gc.ca/rss/city/qc-a9_e.xml, Sainte-Anne-Des-Plaines, Quebec
http://weather.gc.ca/rss/city/qc-b0_e.xml, Sainte-Catherine, Quebec
http://weather.gc.ca/rss/city/qc-b1_e.xml, Sainte-Julie, Quebec
http://weather.gc.ca/rss/city/qc-b2_e.xml, Sainte-Sophie, Quebec
http://weather.gc.ca/rss/city/qc-b3_e.xml, Sainte-Thérèse, Quebec
http://weather.gc.ca/rss/city/qc-143_e.xml, Salaberry-de-Valleyfield, Quebec
http://weather.gc.ca/rss/city/qc-128_e.xml, Salluit, Quebec
http://weather.gc.ca/rss/city/qc-115_e.xml, Schefferville, Quebec
http://weather.gc.ca/rss/city/qc-141_e.xml, Sept-Îles, Quebec
http://weather.gc.ca/rss/city/qc-132_e.xml, Shawinigan, Quebec
http://weather.gc.ca/rss/city/qc-136_e.xml, Sherbrooke, Quebec
http://weather.gc.ca/rss/city/qc-c6_e.xml, Sorel-Tracy, Quebec
http://weather.gc.ca/rss/city/qc-135_e.xml, Sutton, Quebec
http://weather.gc.ca/rss/city/qc-107_e.xml, Tadoussac, Quebec
http://weather.gc.ca/rss/city/qc-145_e.xml, Tasiujaq, Quebec
http://weather.gc.ca/rss/city/qc-139_e.xml, Témiscamingue, Quebec
http://weather.gc.ca/rss/city/qc-35_e.xml, Temiscouata, Quebec
http://weather.gc.ca/rss/city/qc-c7_e.xml, Terrebonne, Quebec
http://weather.gc.ca/rss/city/qc-c8_e.xml, Thetford Mines, Quebec
http://weather.gc.ca/rss/city/qc-c9_e.xml, Tracy, Quebec
http://weather.gc.ca/rss/city/qc-24_e.xml, Trois-Pistoles, Quebec
http://weather.gc.ca/rss/city/qc-130_e.xml, Trois-Rivières, Quebec
http://weather.gc.ca/rss/city/qc-122_e.xml, Umiujaq, Quebec
http://weather.gc.ca/rss/city/qc-149_e.xml, Val-d'Or, Quebec
http://weather.gc.ca/rss/city/qc-42_e.xml, Val-des-Monts, Quebec
http://weather.gc.ca/rss/city/qc-d0_e.xml, Vallée de la Matapédia, Quebec
http://weather.gc.ca/rss/city/qc-41_e.xml, Vanier, Quebec
http://weather.gc.ca/rss/city/qc-162_e.xml, Varennes, Quebec
http://weather.gc.ca/rss/city/qc-66_e.xml, Vaudreuil-Dorion, Quebec
http://weather.gc.ca/rss/city/qc-157_e.xml, Victoriaville, Quebec
http://weather.gc.ca/rss/city/qc-116_e.xml, Waskaganish, Quebec
http://weather.gc.ca/rss/city/sk-51_e.xml, Assiniboia, Saskatchewan
http://weather.gc.ca/rss/city/sk-2_e.xml, Biggar, Saskatchewan
http://weather.gc.ca/rss/city/sk-48_e.xml, Broadview, Saskatchewan
http://weather.gc.ca/rss/city/sk-39_e.xml, Buffalo Narrows, Saskatchewan
http://weather.gc.ca/rss/city/sk-3_e.xml, Canora, Saskatchewan
http://weather.gc.ca/rss/city/sk-4_e.xml, Carlyle, Saskatchewan
http://weather.gc.ca/rss/city/sk-30_e.xml, Collins Bay, Saskatchewan
http://weather.gc.ca/rss/city/sk-42_e.xml, Coronach, Saskatchewan
http://weather.gc.ca/rss/city/sk-29_e.xml, Cypress Hills (Provincial Park), Saskatchewan
http://weather.gc.ca/rss/city/sk-45_e.xml, Eastend, Saskatchewan
http://weather.gc.ca/rss/city/sk-18_e.xml, Elbow, Saskatchewan
http://weather.gc.ca/rss/city/sk-53_e.xml, Estevan, Saskatchewan
http://weather.gc.ca/rss/city/sk-5_e.xml, Fort Qu'Appelle, Saskatchewan
http://weather.gc.ca/rss/city/sk-17_e.xml, Hudson Bay, Saskatchewan
http://weather.gc.ca/rss/city/sk-6_e.xml, Humboldt, Saskatchewan
http://weather.gc.ca/rss/city/sk-43_e.xml, Indian Head, Saskatchewan
http://weather.gc.ca/rss/city/sk-7_e.xml, Kamsack, Saskatchewan
http://weather.gc.ca/rss/city/sk-20_e.xml, Key Lake, Saskatchewan
http://weather.gc.ca/rss/city/sk-21_e.xml, Kindersley, Saskatchewan
http://weather.gc.ca/rss/city/sk-13_e.xml, La Loche, Saskatchewan
http://weather.gc.ca/rss/city/sk-38_e.xml, La Ronge, Saskatchewan
http://weather.gc.ca/rss/city/sk-35_e.xml, Last Mountain Lake (Sanctuary), Saskatchewan
http://weather.gc.ca/rss/city/sk-52_e.xml, Leader, Saskatchewan
http://weather.gc.ca/rss/city/sk-56_e.xml, Lloydminster, Saskatchewan
http://weather.gc.ca/rss/city/sk-14_e.xml, Lucky Lake, Saskatchewan
http://weather.gc.ca/rss/city/sk-16_e.xml, Maple Creek, Saskatchewan
http://weather.gc.ca/rss/city/sk-22_e.xml, Meadow Lake, Saskatchewan
http://weather.gc.ca/rss/city/sk-46_e.xml, Melfort, Saskatchewan
http://weather.gc.ca/rss/city/sk-8_e.xml, Melville, Saskatchewan
http://weather.gc.ca/rss/city/sk-24_e.xml, Moose Jaw, Saskatchewan
http://weather.gc.ca/rss/city/sk-9_e.xml, Moosomin, Saskatchewan
http://weather.gc.ca/rss/city/sk-47_e.xml, Nipawin, Saskatchewan
http://weather.gc.ca/rss/city/sk-34_e.xml, North Battleford, Saskatchewan
http://weather.gc.ca/rss/city/sk-37_e.xml, Outlook, Saskatchewan
http://weather.gc.ca/rss/city/sk-10_e.xml, Oxbow, Saskatchewan
http://weather.gc.ca/rss/city/sk-55_e.xml, Pelican Narrows, Saskatchewan
http://weather.gc.ca/rss/city/sk-27_e.xml, Prince Albert, Saskatchewan
http://weather.gc.ca/rss/city/sk-32_e.xml, Regina, Saskatchewan
http://weather.gc.ca/rss/city/sk-54_e.xml, Rockglen, Saskatchewan
http://weather.gc.ca/rss/city/sk-23_e.xml, Rosetown, Saskatchewan
http://weather.gc.ca/rss/city/sk-1_e.xml, Rosthern, Saskatchewan
http://weather.gc.ca/rss/city/sk-40_e.xml, Saskatoon, Saskatchewan
http://weather.gc.ca/rss/city/sk-26_e.xml, Scott, Saskatchewan
http://weather.gc.ca/rss/city/sk-11_e.xml, Shaunavon, Saskatchewan
http://weather.gc.ca/rss/city/sk-50_e.xml, Southend Reindeer, Saskatchewan
http://weather.gc.ca/rss/city/sk-25_e.xml, Spiritwood, Saskatchewan
http://weather.gc.ca/rss/city/sk-36_e.xml, Stony Rapids, Saskatchewan
http://weather.gc.ca/rss/city/sk-41_e.xml, Swift Current, Saskatchewan
http://weather.gc.ca/rss/city/sk-12_e.xml, Tisdale, Saskatchewan
http://weather.gc.ca/rss/city/sk-44_e.xml, Uranium City, Saskatchewan
http://weather.gc.ca/rss/city/sk-28_e.xml, Val Marie, Saskatchewan
http://weather.gc.ca/rss/city/sk-15_e.xml, Waskesiu Lake, Saskatchewan
http://weather.gc.ca/rss/city/sk-49_e.xml, Watrous, Saskatchewan
http://weather.gc.ca/rss/city/sk-31_e.xml, Weyburn, Saskatchewan
http://weather.gc.ca/rss/city/sk-19_e.xml, Wynyard, Saskatchewan
http://weather.gc.ca/rss/city/sk-33_e.xml, Yorkton, Saskatchewan
http://weather.gc.ca/rss/city/yt-15_e.xml, Beaver Creek, Yukon
http://weather.gc.ca/rss/city/yt-7_e.xml, Burwash Landing, Yukon
http://weather.gc.ca/rss/city/yt-2_e.xml, Carcross, Yukon
http://weather.gc.ca/rss/city/yt-17_e.xml, Carmacks, Yukon
http://weather.gc.ca/rss/city/yt-6_e.xml, Dawson, Yukon
http://weather.gc.ca/rss/city/yt-4_e.xml, Dempster (Highway), Yukon
http://weather.gc.ca/rss/city/yt-12_e.xml, Faro, Yukon
http://weather.gc.ca/rss/city/yt-5_e.xml, Haines Junction, Yukon
http://weather.gc.ca/rss/city/yt-1_e.xml, Kluane Lake, Yukon
http://weather.gc.ca/rss/city/yt-10_e.xml, Mayo, Yukon
http://weather.gc.ca/rss/city/yt-11_e.xml, Old Crow, Yukon
http://weather.gc.ca/rss/city/yt-3_e.xml, Rancheria, Yukon
http://weather.gc.ca/rss/city/yt-9_e.xml, Rock River, Yukon
http://weather.gc.ca/rss/city/yt-8_e.xml, Ross River, Yukon
http://weather.gc.ca/rss/city/yt-14_e.xml, Teslin, Yukon
http://weather.gc.ca/rss/city/yt-13_e.xml, Watson Lake, Yukon
http://weather.gc.ca/rss/city/yt-16_e.xml, Whitehorse, Yukon
